review,sentiment
"This product is absolutely amazing! Works perfectly and exceeded all my expectations.",positive
"Terrible experience. The item broke after just one day of use. Very disappointed.",negative
"Decent product for the price. Nothing special but gets the job done.",neutral
"Love it! Fast shipping, great quality, exactly as described. Will buy again.",positive
"Complete waste of money. Does not work as advertised. Save your money.",negative
"It's okay. Average quality, average price. Not impressed but not disappointed either.",neutral
"Outstanding quality! The craftsmanship is excellent and delivery was super fast.",positive
"Arrived damaged. Customer service was unhelpful and rude. Worst purchase ever.",negative
"Works as expected. Simple and functional. Would recommend for basic use.",neutral
"Fantastic product! My whole family loves it. Best purchase this year!",positive
"Poor quality materials. Stopped working within a week. Requesting a refund.",negative
"Not bad, not great. Does what it says but could be improved.",neutral
"Incredible value for money! Highly recommend to everyone looking for this type of product.",positive
"Disappointed with the quality. Expected much more based on the description.",negative
"It's fine. Nothing extraordinary but satisfactory for everyday use.",neutral
"Best product I've ever bought in this category. Five stars without hesitation!",positive
"Broken on arrival. Packaging was poor and the product was damaged.",negative
"Reasonable quality for the price point. Would consider buying again.",neutral
"Super happy with this purchase! Exceeded my expectations in every way.",positive
"Awful product. Not worth a single penny. The description is misleading.",negative
"It's an okay product. Does the job but don't expect anything impressive.",neutral
"Absolutely love this! Perfect gift, great quality, fast delivery!",positive
"Never buying from this seller again. Product is nothing like the photos.",negative
"Average experience overall. Neither great nor terrible.",neutral
"Wonderful product! Well-made, durable, and exactly what I needed.",positive
"Stopped working after 3 days. Terrible quality control.",negative
"Meets basic expectations. Nothing special but functional.",neutral
"Exceeded all my hopes! This is exactly what I was looking for. Perfect!",positive
"Very unhappy. Product arrived late and was completely different from description.",negative
"Solid product. Does what it says. Reasonable price.",neutral
"Outstanding! I have bought this three times already because it's so good.",positive
"Useless item. Does not work at all. Complete disappointment.",negative
"Adequate for basic tasks. Won't blow you away but won't let you down either.",neutral
"This exceeded every expectation! The build quality is superb.",positive
"Returned immediately. Product quality was unacceptably poor.",negative
"Pretty average. It works, but there's room for improvement.",neutral
"Excellent product! Great customer support, fast shipping, 10/10!",positive
"Extremely poor quality. Fell apart immediately. Waste of money.",negative
"Nothing special, but it does the job for the price.",neutral
"So happy with this purchase! The quality is top-notch and it looks great.",positive
